Eligibility,Agp,Arm,N_All,N,N_Uptake,N_Doses,dC_Med_d,dQ_All_d,Thres,Prop_Uptake,Prop_Doses,Prop_dQ,Prop_dC_Med
New2023,"[65,70)",Vac,2965505,2965505,624542.2163344922,1249084.4326689844,-6614249.124122909,4065.0961132832454,70.3844905039227,0.6714460455468767,0.6714460455468767,0.6552080214755234,0.620214289932876
SOC,"[70,75)",Vac,2662322,1053476.2497747962,241224.43116069655,482448.8623213931,-3075265.6514611985,1690.9610011056416,72.08100324981359,0.9307867052428052,0.9307867052428052,0.9277553810093814,0.908580159827275
SOC,"[75,80)",Vac,2423598,474263.87725610525,64378.40358753453,128756.80717506906,-974943.027925628,448.2260751372128,72.43500432388346,1,1,1,1
ZVL_85,"[80,85)",ReVac_RZV1,1508497,1075401.782433929,145979.17591539328,145979.17591539328,-1430856.8301293848,553.9697974514976,73.40010435391684,1.1569423776920256,1.0784711888460128,1.0892882836790387,1.1341706119985284
UV_85,"[80,85)",Vac1,1508497,433095.21756607096,58790.01131103047,58790.01131103047,-785102.331399966,297.7833219436856,74.57468361056878,1.2201475855707289,1.1100737927853643,1.137284694037353,1.207789200572397
ZVL_90,"[85,90)",ReVac_RZV1,940569,344417.71727378963,46752.586205033294,46752.586205033294,-459647.4319137285,152.23689242584894,74.58312468262662,1.2704113440572269,1.1352056720286134,1.1618220801906562,1.2508900726826
UV_95,"[85,90)",Vac1,940569,596151.2827262104,80923.8690085801,80923.8690085801,-1055837.2667459433,341.30839104135475,75.42520065099089,1.3574126874653132,1.1787063437326564,1.216833816537176,1.349895318537524
UV_95,"[90,95)",Vac1,417138,417138,56623.91719788369,56623.91719788369,-629616.2360975787,180.68788827103447,75.41297658774117,1.4182891251047665,1.2091445625523833,1.2459569050151593,1.408934066469966
