Eligibility,Agp,Arm,N_All,N,N_Uptake,N_Doses,dC_Med_d,dQ_All_d,Thres,Prop_Uptake,Prop_Doses,Prop_dQ,Prop_dC_Med
New2023,"[65,70)",Vac,2965505,640873,308987.7238558622,617975.4477117244,-3106646.107425372,1959.7805499829622,68.45297376088949,0.5027537757131506,0.5027537757131506,0.4781156448867732,0.4340798018076223
SOC,"[70,75)",Vac,2662322,1053476.2497747962,241224.43116069655,482448.8623213931,-3075265.6514611985,1690.9610011056416,71.96927772185913,0.8952499307282626,0.8952499307282626,0.8906490326321697,0.8637749322897905
SOC,"[75,80)",Vac,2423598,474263.87725610525,64378.40358753453,128756.80717506906,-974943.027925628,448.2260751372128,72.51673985505224,1,1,1,1
ZVL_85,"[80,85)",ReVac_RZV1,1508497,1075401.782433929,154056.86067103787,154056.86067103787,-1526827.5054167924,625.3375493000485,74.58570936645758,1.250665843323308,1.1253329216616539,1.1525597678056894,1.2133377790800295
UV_85,"[80,85)",Vac1,1508497,433095.21756607096,24936.483516051772,24936.483516051772,-326566.5390732415,133.91726605861888,75.39882349363852,1.2912399835650479,1.1456199917825238,1.1852307421265882,1.2589676750051222
ZVL_90,"[85,90)",ReVac_RZV1,940569,344417.71727378963,0,0,0,0,75.39882349363852,1.2912399835650479,1.1456199917825238,1.1852307421265882,1.2589676750051222
UV_95,"[85,90)",Vac1,940569,596151.2827262104,0,0,0,0,75.39882349363852,1.2912399835650479,1.1456199917825238,1.1852307421265882,1.2589676750051222
UV_95,"[90,95)",Vac1,417138,417138,0,0,0,0,75.39882349363852,1.2912399835650479,1.1456199917825238,1.1852307421265882,1.2589676750051222
