Eligibility,Agp,Arm,N_All,N,N_Uptake,N_Doses,dRisk_HZ,dC_Med_d,dQ_All_d,Thres,Prop_Uptake,Prop_Doses,Prop_Case,Prop_dQ,Prop_dC_Med
New2023,"[65,70)",Vac,2965505,640873,308987.7238558622,617975.4477117244,-23162.65897737995,-3106646.107425372,1959.7805499829622,68.45297376088949,0.5027537757131506,0.5027537757131506,0.51078717450861,0.4781156448867732,0.4340798018076223
SOC,"[70,75)",Vac,2662322,1053476.2497747962,241224.43116069655,482448.8623213931,-17879.289898334267,-3075265.6514611985,1690.9610011056416,71.96927772185913,0.8952499307282626,0.8952499307282626,0.9050645317977307,0.8906490326321697,0.8637749322897905
SOC,"[75,80)",Vac,2423598,474263.87725610525,64378.40358753453,128756.80717506906,-4305.037370882531,-974943.027925628,448.2260751372128,72.51673985505224,1,1,1,1,1
ZVL_85,"[80,85)",ReVac_RZV1,1508497,1075401.782433929,256661.78948319663,256661.78948319663,-11354.850094749234,-2527810.6303732847,1003.2454351422404,75.19565234075803,1.4176142732588461,1.208807136629423,1.250399222409216,1.2447556376691837,1.3532013301473202
UV_85,"[80,85)",Vac1,1508497,433095.21756607096,76705.70267800335,76705.70267800335,-3427.0105128341675,-1019725.0407747892,393.9965833632685,77.19989165730343,1.5424220849053891,1.2712110424526946,1.3259722824180575,1.3408765684231665,1.495683617569697
ZVL_90,"[85,90)",ReVac_RZV1,940569,344417.71727378963,46752.586205033294,46752.586205033294,-2006.1488139017445,-459647.4319137285,152.23689242584894,77.13470230083921,1.618493195257656,1.309246597628828,1.3702122414528721,1.3780168696667807,1.5599083986510056
UV_95,"[85,90)",Vac1,940569,596151.2827262104,80923.8690085801,80923.8690085801,-2717.2296136789605,-1055837.2667459433,341.30839104135475,78.10496749032669,1.7501643832960483,1.3750821916480243,1.4301330837973374,1.4612837851841447,1.707436509559657
UV_95,"[90,95)",Vac1,417138,417138,56623.91719788369,56623.91719788369,-1389.8661793003882,-629616.2360975787,180.68788827103447,78.0023626216364,1.842297131521944,1.4211485657609721,1.4607826659270582,1.5053651014441136,1.7954103828395456
