Eligibility,Agp,Arm,N_All,N,N_Uptake,N_Doses,dC_Med_d,dQ_All_d,Thres,Prop_Uptake,Prop_Doses,Prop_dQ,Prop_dC_Med
New2023,"[65,70)",Vac,2965505,2965505,624542.2163344922,1249084.4326689844,-5602837.621036537,3644.3661500883713,62.83815454739909,0.6714460455468767,0.6714460455468767,0.6466192197408328,0.6050861723911042
SOC,"[70,75)",Vac,2662322,1053476.2497747962,241224.43116069655,482448.8623213931,-2731203.432258702,1561.6274073822226,64.9447010508291,0.9307867052428052,0.9307867052428052,0.9236984851332267,0.9000462520196705
SOC,"[75,80)",Vac,2423598,474263.87725610525,64378.40358753453,128756.80717506906,-925528.7016967498,430.0377246633416,65.57052325101404,1,1,1,1
ZVL_85,"[80,85)",ReVac_RZV1,1508497,1075401.782433929,145979.17591539328,145979.17591539328,-1402533.6796873645,541.3648967296899,66.89532082170679,1.1569423776920256,1.0784711888460128,1.0960542746534785,1.1514685581294135
UV_85,"[80,85)",Vac1,1508497,433095.21756607096,58790.01131103047,58790.01131103047,-767835.1182585654,292.1081372779181,68.19175875441243,1.2201475855707289,1.1100737927853643,1.1478829680469826,1.2343919701858552
ZVL_90,"[85,90)",ReVac_RZV1,940569,344417.71727378963,46752.586205033294,46752.586205033294,-455250.0014515907,149.8013118286448,68.3163603637824,1.2704113440572269,1.1352056720286134,1.1744621874178034,1.2835573216543894
UV_95,"[85,90)",Vac1,940569,596151.2827262104,80923.8690085801,80923.8690085801,-1056608.6112253577,335.76860141767094,69.33953720936294,1.3574126874653132,1.1787063437326564,1.2340375489815418,1.3976672251578133
UV_95,"[90,95)",Vac1,417138,417138,56623.91719788369,56623.91719788369,-614092.3572553488,173.46173808413374,69.40935748227098,1.4182891251047665,1.2091445625523833,1.2648148334572336,1.4639869758054374
