Eligibility,Agp,Arm,N_All,N,N_Uptake,N_Doses,dC_Med_d,dQ_All_d,Thres,Prop_Uptake,Prop_Doses,Prop_dQ,Prop_dC_Med
New2023,"[65,70)",Vac,2965505,2965505,624542.2163344922,1249084.4326689844,-5602837.621036537,3644.3661500883713,62.83815454739909,0.6714460455468767,0.6714460455468767,0.6466192197408328,0.6050861723911042
SOC,"[70,75)",Vac,2662322,1053476.2497747962,241224.43116069655,482448.8623213931,-2731203.432258702,1561.6274073822226,64.9447010508291,0.9307867052428052,0.9307867052428052,0.9236984851332267,0.9000462520196705
SOC,"[75,80)",Vac,2423598,474263.87725610525,64378.40358753453,128756.80717506906,-925528.7016967498,430.0377246633416,65.57052325101404,1,1,1,1
ZVL_85,"[80,85)",ReVac_RZV1,1508497,1075401.782433929,154056.86067103787,154056.86067103787,-1459318.622689574,625.8715422021306,67.49430330163,1.1656267057398304,1.0828133528699153,1.111048273310002,1.1576011263269366
UV_85,"[80,85)",Vac1,1508497,433095.21756607096,24936.483516051772,24936.483516051772,-312608.11835693783,130.7525995749733,68.10461057910729,1.1924359474672632,1.0962179737336315,1.1342476831481723,1.1913616709989399
ZVL_90,"[85,90)",ReVac_RZV1,940569,344417.71727378963,0,0,0,0,68.10461057910729,1.1924359474672632,1.0962179737336315,1.1342476831481723,1.1913616709989399
UV_95,"[85,90)",Vac1,940569,596151.2827262104,0,0,0,0,68.10461057910729,1.1924359474672632,1.0962179737336315,1.1342476831481723,1.1913616709989399
UV_95,"[90,95)",Vac1,417138,417138,0,0,0,0,68.10461057910729,1.1924359474672632,1.0962179737336315,1.1342476831481723,1.1913616709989399
