Eligibility,Agp,Arm,N_All,N,N_Uptake,N_Doses,dRisk_HZ,dC_Med_d,dQ_All_d,Thres,Prop_Uptake,Prop_Doses,Prop_Case,Prop_dQ,Prop_dC_Med
New2023,"[65,70)",Vac,2965505,640873,308987.7238558622,617975.4477117244,-23162.65897737995,-3106646.107425372,1959.7805499829622,68.45297376088949,0.5027537757131506,0.5027537757131506,0.51078717450861,0.4781156448867732,0.4340798018076223
SOC,"[70,75)",Vac,2662322,1053476.2497747962,241224.43116069655,482448.8623213931,-17879.289898334267,-3075265.6514611985,1690.9610011056416,71.96927772185913,0.8952499307282626,0.8952499307282626,0.9050645317977307,0.8906490326321697,0.8637749322897905
SOC,"[75,80)",Vac,2423598,474263.87725610525,64378.40358753453,128756.80717506906,-4305.037370882531,-974943.027925628,448.2260751372128,72.51673985505224,1,1,1,1,1
ZVL_85,"[80,85)",ReVac_RZV1,1508497,1075401.782433929,145979.17591539328,145979.17591539328,-6288.927706286979,-1430856.8301293848,553.9697974514976,73.91608134612808,1.2375226463728188,1.1187613231864095,1.1386845792152056,1.1351486149602925,1.199928162964267
UV_85,"[80,85)",Vac1,1508497,433095.21756607096,58790.01131103047,58790.01131103047,-2562.321303458633,-785102.331399966,297.7833219436856,75.58646106881463,1.3331798452802655,1.1665899226401328,1.19518935528841,1.2077969862327134,1.3096275148145602
ZVL_90,"[85,90)",ReVac_RZV1,940569,344417.71727378963,46752.586205033294,46752.586205033294,-2006.1488139017445,-459647.4319137285,152.23689242584894,75.56655345817323,1.4092509556325326,1.2046254778162662,1.2394293143232247,1.2449372874763276,1.373852295895869
UV_95,"[85,90)",Vac1,940569,596151.2827262104,80923.8690085801,80923.8690085801,-2717.2296136789605,-1055837.2667459433,341.30839104135475,76.69798080031993,1.5409221436709246,1.2704610718354623,1.2993501566676902,1.3282042029936914,1.5213804068045205
UV_95,"[90,95)",Vac1,417138,417138,56623.91719788369,56623.91719788369,-1389.8661793003882,-629616.2360975787,180.68788827103447,76.63645379836126,1.6330548918968206,1.3165274459484104,1.3299997387974107,1.3722855192536603,1.6093542800844087
