Eligibility,Agp,Arm,N_All,N,N_Uptake,N_Doses,dRisk_HZ,dC_Med_d,dQ_All_d,Thres,Prop_Uptake,Prop_Doses,Prop_Case,Prop_dQ,Prop_dC_Med
New2023,"[65,70)",Vac,2965505,640873,308987.7238558622,617975.4477117244,NA,NA,NA,NA,0.5027537757131506,0.5027537757131506,NA,NA,NA
SOC,"[70,75)",Vac,2662322,1053476.2497747962,241224.43116069655,482448.8623213931,NA,NA,NA,NA,0.8952499307282626,0.8952499307282626,NA,NA,NA
SOC,"[75,80)",Vac,2423598,474263.87725610525,64378.40358753453,128756.80717506906,NA,NA,NA,NA,1,1,NA,NA,NA
ZVL_85,"[80,85)",ReVac_RZV1,1508497,1075401.782433929,256661.78948319663,256661.78948319663,NA,NA,NA,NA,1.4176142732588461,1.208807136629423,NA,NA,NA
UV_85,"[80,85)",Vac1,1508497,433095.21756607096,76705.70267800335,76705.70267800335,NA,NA,NA,NA,1.5424220849053891,1.2712110424526946,NA,NA,NA
ZVL_90,"[85,90)",ReVac_RZV1,940569,344417.71727378963,46752.586205033294,46752.586205033294,NA,NA,NA,NA,1.618493195257656,1.309246597628828,NA,NA,NA
UV_95,"[85,90)",Vac1,940569,596151.2827262104,80923.8690085801,80923.8690085801,NA,NA,NA,NA,1.7501643832960483,1.3750821916480243,NA,NA,NA
UV_95,"[90,95)",Vac1,417138,417138,56623.91719788369,56623.91719788369,NA,NA,NA,NA,1.842297131521944,1.4211485657609721,NA,NA,NA
