Eligibility,Agp,Arm,N_All,N,N_Uptake,N_Doses,dC_Med_d,dQ_All_d,Thres,Prop_Uptake,Prop_Doses,Prop_dQ,Prop_dC_Med
New2023,"[65,70)",Vac,2965505,2965505,624542.2163344922,1249084.4326689844,-6614249.124122909,4065.0961132832454,70.3844905039227,0.6714460455468767,0.6714460455468767,0.6552080214755234,0.620214289932876
SOC,"[70,75)",Vac,2662322,1053476.2497747962,241224.43116069655,482448.8623213931,-3075265.6514611985,1690.9610011056416,72.08100324981359,0.9307867052428052,0.9307867052428052,0.9277553810093814,0.908580159827275
SOC,"[75,80)",Vac,2423598,474263.87725610525,64378.40358753453,128756.80717506906,-974943.027925628,448.2260751372128,72.43500432388346,1,1,1,1
ZVL_85,"[80,85)",ReVac_RZV1,1508497,1075401.782433929,154056.86067103787,154056.86067103787,-1526827.5054167924,625.3375493000244,73.86200234141421,1.1656267057398304,1.0828133528699153,1.1007912647114018,1.143169726351611
UV_85,"[80,85)",Vac1,1508497,433095.21756607096,24936.483516051772,24936.483516051772,-326566.5390732415,133.91726605861888,74.43232681419734,1.1924359474672632,1.0962179737336315,1.1223759122795034,1.1737916806122175
ZVL_90,"[85,90)",ReVac_RZV1,940569,344417.71727378963,0,0,0,0,74.43232681419734,1.1924359474672632,1.0962179737336315,1.1223759122795034,1.1737916806122175
UV_95,"[85,90)",Vac1,940569,596151.2827262104,0,0,0,0,74.43232681419734,1.1924359474672632,1.0962179737336315,1.1223759122795034,1.1737916806122175
UV_95,"[90,95)",Vac1,417138,417138,0,0,0,0,74.43232681419734,1.1924359474672632,1.0962179737336315,1.1223759122795034,1.1737916806122175
