Eligibility,Agp,Arm,N_All,N,N_Uptake,N_Doses,dC_Med_d,dQ_All_d,Thres,Prop_Uptake,Prop_Doses,Prop_dQ,Prop_dC_Med
New2023,"[65,70)",Vac,2965505,2965505,624542.2163344922,1249084.4326689844,-6614249.124122909,4065.0961132832454,70.3844905039227,0.6714460455468767,0.6714460455468767,0.6552080214755234,0.620214289932876
SOC,"[70,75)",Vac,2662322,1053476.2497747962,241224.43116069655,482448.8623213931,-3075265.6514611985,1690.9610011056416,72.08100324981359,0.9307867052428052,0.9307867052428052,0.9277553810093814,0.908580159827275
SOC,"[75,80)",Vac,2423598,474263.87725610525,64378.40358753453,128756.80717506906,-974943.027925628,448.2260751372128,72.43500432388346,1,1,1,1
ZVL_85,"[80,85)",ReVac_RZV1,1508497,1075401.782433929,256661.78948319663,256661.78948319663,-2527810.6303732847,1003.245435142217,74.3251849737188,1.2759373811476316,1.1379686905738158,1.1617020700853675,1.2370313312638703
UV_85,"[80,85)",Vac1,1508497,433095.21756607096,76705.70267800335,76705.70267800335,-1019725.0407747892,393.9965833632685,75.78324806261226,1.3584037691467021,1.1792018845733512,1.2252060352216467,1.332650354711944
ZVL_90,"[85,90)",ReVac_RZV1,940569,344417.71727378963,46752.586205033294,46752.586205033294,-459647.43191372853,152.23689242584547,75.76598445711262,1.4086675276332001,1.2043337638166,1.2497434213749492,1.3757512268221468
UV_95,"[85,90)",Vac1,940569,596151.2827262104,80923.8690085801,80923.8690085801,-1055837.2667459433,341.30839104135475,76.52017512881122,1.4956688710412864,1.2478344355206432,1.304755157721469,1.4747564726770708
UV_95,"[90,95)",Vac1,417138,417138,56623.91719788369,56623.91719788369,-629616.2360975787,180.68788827103447,76.48253861033825,1.5565453086807401,1.27827265434037,1.3338782461994527,1.5337952206095131
