Eligibility,Agp,Arm,N_All,N,N_Uptake,N_Doses,dRisk_HZ,dC_Med_d,dQ_All_d,Thres,Prop_Uptake,Prop_Doses,Prop_Case,Prop_dQ,Prop_dC_Med
New2023,"[65,70)",Vac_2d,2965505,640873,308987.7238558622,617975.4477117244,-23217.646533122082,-3565728.4397508493,2746.901135878308,94.67002511822778,0.5027537757131506,0.5027537757131506,0.5106611870341411,0.49280777719574587,0.42661737020471224
SOC,"[70,75)",Vac_2d,2662322,1053476.2497747962,241224.43116069655,482448.8623213931,-17934.29669113226,-3621297.217266986,2252.2165812198423,97.38914255334431,0.8952499307282626,0.8952499307282626,0.9051175856984437,0.8968666756604203,0.859883201202216
SOC,"[75,80)",Vac_2d,2423598,474263.87725610525,64378.40358753453,128756.80717506906,-4313.909914041498,-1171116.0614964287,574.8631796911963,97.49398032283982,1,1,1,1,1
ZVL_85,"[80,85)",ReVac_RZV_1d,1508497,1075401.782433929,145979.17591539328,291958.35183078656,-5467.387323963886,-1490423.0330556554,601.6827254294946,96.97912153427924,1.2375226463728188,1.2375226463728188,1.1202526060015514,1.1079448847368794,1.1783199045015227
UV_85,"[80,85)",Vac_1d,1508497,433095.21756607096,58790.01131103047,117580.02262206093,-2563.8673259979755,-956240.4861576359,369.71672149104444,98.82658532423883,1.3331798452802655,1.3331798452802655,1.1766436588252898,1.1742739103178614,1.2927281687260275
ZVL_90,"[85,90)",ReVac_RZV_1d,940569,344417.71727378963,46752.586205033294,93505.17241006659,-1774.8333443862603,-499195.08742090187,167.63179439662002,98.30752948986058,1.4092509556325326,1.4092509556325326,1.215680281298592,1.2043478911047667,1.35245377571294
UV_95,"[85,90)",Vac_1d,940569,596151.2827262104,80923.8690085801,161847.7380171602,-2719.128503715076,-1294409.934103884,411.5306658077683,99.31263368749755,1.5409221436709246,1.5409221436709246,1.2754862305116017,1.278178547044907,1.507321924363329
UV_95,"[90,95)",Vac_1d,417138,417138,56623.91719788369,113247.83439576738,-1398.228669097287,-780074.257642164,215.0664911391039,98.97766317028643,1.6330548918968206,1.6330548918968206,1.306239610742788,1.3167625492367663,1.6006529881228972
