Eligibility,Agp,Arm,N_All,N,N_Uptake,N_Doses,dC_Med_d,dQ_All_d,Thres,Prop_Uptake,Prop_Doses,Prop_dQ,Prop_dC_Med
New2023,"[65,70)",Vac,2965505,2965505,624542.2163344922,1249084.4326689844,-5602837.621036537,3644.3661500883713,62.83815454739909,0.6714460455468767,0.6714460455468767,0.6466192197408328,0.6050861723911042
SOC,"[70,75)",Vac,2662322,1053476.2497747962,241224.43116069655,482448.8623213931,-2731203.432258702,1561.6274073822226,64.9447010508291,0.9307867052428052,0.9307867052428052,0.9236984851332267,0.9000462520196705
SOC,"[75,80)",Vac,2423598,474263.87725610525,64378.40358753453,128756.80717506906,-925528.7016967498,430.0377246633416,65.57052325101404,1,1,1,1
ZVL_85,"[80,85)",ReVac_RZV1,1508497,1075401.782433929,256661.78948319663,256661.78948319663,-2428632.7561794594,1000.9247704642124,68.2241878678958,1.2759373811476316,1.1379686905738158,1.1775938990326609,1.262283542371949
UV_85,"[80,85)",Vac1,1508497,433095.21756607096,76705.70267800335,76705.70267800335,-992429.3584082597,386.04773457144637,69.81067054814397,1.3584037691467021,1.1792018845733512,1.2460902779997554,1.3694623189963406
ZVL_90,"[85,90)",ReVac_RZV1,940569,344417.71727378963,46752.586205033294,46752.586205033294,-456697.11444115953,151.52596575562362,69.91037864564393,1.4086675276332001,1.2043337638166,1.2729755024015357,1.4187839534270275
UV_95,"[85,90)",Vac1,940569,596151.2827262104,80923.8690085801,80923.8690085801,-1056608.6112253577,335.76860141767094,70.82130411806237,1.4956688710412864,1.2478344355206432,1.3325508639652743,1.5328938569304513
UV_95,"[90,95)",Vac1,417138,417138,56623.91719788369,56623.91719788369,-614092.3572553488,173.46173808413374,70.85206473693532,1.5565453086807401,1.27827265434037,1.363328148440966,1.5992136075780754
