Eligibility,Agp,Arm,N_All,N,N_Uptake,N_Doses,dRisk_HZ,dC_Med_d,dQ_All_d,Thres,Prop_Uptake,Prop_Doses,Prop_Case,Prop_dQ,Prop_dC_Med
New2023,"[65,70)",Vac,2965505,640873,308987.7238558622,617975.4477117244,NA,NA,NA,NA,0.5027537757131506,0.5027537757131506,NA,NA,NA
SOC,"[70,75)",Vac,2662322,1053476.2497747962,241224.43116069655,482448.8623213931,NA,NA,NA,NA,0.8952499307282626,0.8952499307282626,NA,NA,NA
SOC,"[75,80)",Vac,2423598,474263.87725610525,64378.40358753453,128756.80717506906,NA,NA,NA,NA,1,1,NA,NA,NA
ZVL_85,"[80,85)",ReVac_RZV1,1508497,1075401.782433929,145979.17591539328,145979.17591539328,NA,NA,NA,NA,1.2375226463728188,1.1187613231864095,NA,NA,NA
UV_85,"[80,85)",Vac1,1508497,433095.21756607096,58790.01131103047,58790.01131103047,NA,NA,NA,NA,1.3331798452802655,1.1665899226401328,NA,NA,NA
ZVL_90,"[85,90)",ReVac_RZV1,940569,344417.71727378963,46752.586205033294,46752.586205033294,NA,NA,NA,NA,1.4092509556325326,1.2046254778162662,NA,NA,NA
UV_95,"[85,90)",Vac1,940569,596151.2827262104,80923.8690085801,80923.8690085801,NA,NA,NA,NA,1.5409221436709246,1.2704610718354623,NA,NA,NA
UV_95,"[90,95)",Vac1,417138,417138,56623.91719788369,56623.91719788369,NA,NA,NA,NA,1.6330548918968206,1.3165274459484104,NA,NA,NA
