Eligibility,Agp,Arm,N_All,N,N_Uptake,N_Doses,dRisk_HZ,dC_Med_d,dQ_All_d,Thres,Prop_Uptake,Prop_Doses,Prop_Case,Prop_dQ,Prop_dC_Med
New2023,"[65,70)",RZV_2d,2965505,640873,308987.7238558622,617975.4477117244,-23050.61584043781,-3244104.016173791,2722.481225706141,93.3592568182576,0.5027537757131506,0.5027537757131506,0.509144300019835,0.4877411895093575,0.4190031450618968
SOC,"[70,75)",RZV_2d,2662322,1053476.2497747962,241224.43116069655,482448.8623213931,-17896.419984898785,-3377247.563047027,2272.39553143954,96.79801304910171,0.8952499307282626,0.8952499307282626,0.9044422082903507,0.894848092240191,0.8552028918993371
SOC,"[75,80)",RZV_2d,2423598,474263.87725610525,64378.40358753453,128756.80717506906,-4326.211541941823,-1121081.9905667298,586.9385257604371,97.1205443661975,1,1,1,1,1
ZVL_85,"[80,85)",ReRZV_2d,1508497,1075401.782433929,256661.78948319663,513323.57896639325,NA,NA,NA,NA,1.4176142732588461,1.4176142732588461,NA,NA,NA
UV_85,"[80,85)",RZV_2d,1508497,433095.21756607096,76705.70267800335,153411.4053560067,-4198.815506965069,-1482821.7812045808,610.8128324383406,NA,1.5424220849053891,1.5424220849053891,NA,NA,NA
ZVL_90,"[85,90)",ReRZV_2d,940569,344417.71727378963,46752.586205033294,93505.17241006659,NA,NA,NA,NA,1.618493195257656,1.618493195257656,NA,NA,NA
UV_95,"[85,90)",RZV_2d,940569,596151.2827262104,80923.8690085801,161847.7380171602,-3273.079372552509,-1531138.9716845965,508.3702095792527,NA,1.7501643832960483,1.7501643832960483,NA,NA,NA
UV_95,"[90,95)",RZV_2d,417138,417138,56623.91719788369,113247.83439576738,-1651.582433089173,-921337.008308738,265.40875543818333,NA,1.842297131521944,1.842297131521944,NA,NA,NA
UV_100,"[95,100)",RZV_2d,109064,109064,14804.767020194724,29609.534040389448,-274.99254588556204,-153573.78959367977,41.84714720250512,NA,1.8663859607643272,1.8663859607643272,NA,NA,NA
