Eligibility,Agp,Arm,N_All,N,N_Uptake,N_Doses,dRisk_HZ,dC_Med_d,dQ_All_d,Thres,Prop_Uptake,Prop_Doses,Prop_Case,Prop_dQ,Prop_dC_Med
New2023,"[65,70)",RZV_2d,2965505,640873,308987.7238558622,617975.4477117244,-23050.61584043781,-3244104.016173791,2722.481225706141,93.3592568182576,0.5027537757131506,0.5027537757131506,0.509144300019835,0.4877411895093575,0.4190031450618968
SOC,"[70,75)",RZV_2d,2662322,1053476.2497747962,241224.43116069655,482448.8623213931,-17896.419984898785,-3377247.563047027,2272.39553143954,96.79801304910171,0.8952499307282626,0.8952499307282626,0.9044422082903507,0.894848092240191,0.8552028918993371
SOC,"[75,80)",RZV_2d,2423598,474263.87725610525,64378.40358753453,128756.80717506906,-4326.211541941823,-1121081.9905667298,586.9385257604371,97.1205443661975,1,1,1,1,1
ZVL_85,"[80,85)",ReRZV_1d,1508497,1075401.782433929,256661.78948319663,256661.78948319663,NA,NA,NA,NA,1.4176142732588461,1.208807136629423,NA,NA,NA
UV_85,"[80,85)",RZV_1d,1508497,433095.21756607096,76705.70267800335,76705.70267800335,-3435.506357013823,-1201409.0460852766,501.8226949299772,NA,1.5424220849053891,1.2712110424526946,NA,NA,NA
ZVL_90,"[85,90)",ReRZV_1d,940569,344417.71727378963,46752.586205033294,46752.586205033294,NA,NA,NA,NA,1.618493195257656,1.309246597628828,NA,NA,NA
UV_95,"[85,90)",RZV_1d,940569,596151.2827262104,80923.8690085801,80923.8690085801,-2729.0184793926687,-1273237.7008999428,425.64145015822453,NA,1.7501643832960483,1.3750821916480243,NA,NA,NA
UV_95,"[90,95)",RZV_1d,417138,417138,56623.91719788369,56623.91719788369,-1396.2575828471756,-781378.1812820325,225.16284146984867,NA,1.842297131521944,1.4211485657609721,NA,NA,NA
UV_100,"[95,100)",RZV_1d,109064,109064,14804.767020194724,14804.767020194724,-236.451450745143,-132348.9425320375,36.07628172457106,NA,1.8663859607643272,1.4331929803821637,NA,NA,NA
