Eligibility,Agp,Arm,N_All,N,N_Uptake,N_Doses,dRisk_HZ,dC_Med_d,dQ_All_d,Thres,Prop_Uptake,Prop_Doses,Prop_Case,Prop_dQ,Prop_dC_Med
New2023,"[65,70)",RZV_2d,2965505,640873,308987.7238558622,617975.4477117244,-33589.38022299288,-6463926.840881875,3931.635839992056,137.70230509290266,0.5027537757131506,0.5027537757131506,0.5273177251897837,0.5042468808293711,0.45748582813519767
SOC,"[70,75)",RZV_2d,2662322,1053476.2497747962,241224.43116069655,482448.8623213931,-24481.327760630058,-5926174.004363511,3101.191825209555,139.07967386205024,0.8952499307282626,0.8952499307282626,0.9116486648694648,0.9019862362419573,0.8769120822989345
SOC,"[75,80)",RZV_2d,2423598,474263.87725610525,64378.40358753453,128756.80717506906,-5627.852899958068,-1739138.6707197614,764.2177692201395,138.3605278534354,1,1,1,1,1
ZVL_85,"[80,85)",ReRZV_1d,1508497,1075401.782433929,256661.78948319663,256661.78948319663,-12071.108485999375,-3633102.4137195777,1360.727462657212,135.22142816474448,1.4176142732588461,1.208807136629423,1.1895036295727497,1.1745183446860505,1.2571336135688267
UV_85,"[80,85)",RZV_1d,1508497,433095.21756607096,76705.70267800335,76705.70267800335,-4736.740959696442,-1853581.779505158,686.4712680344838,138.55620600426263,1.5424220849053891,1.2712110424526946,1.2638654502166031,1.2625608312674301,1.3883212671867535
ZVL_90,"[85,90)",ReRZV_1d,940569,344417.71727378963,46752.586205033294,46752.586205033294,-2091.333053364696,-625334.842599735,197.38151949127746,137.37252718871844,1.618493195257656,1.309246597628828,1.2966971661039832,1.2878757433262844,1.432579476688627
UV_95,"[85,90)",RZV_1d,940569,596151.2827262104,80923.8690085801,80923.8690085801,-3626.8904606801375,-1813051.1586856067,561.5512810268772,138.51282526144948,1.7501643832960483,1.3750821916480243,1.3536355083580387,1.359896778184923,1.5608985668022153
UV_95,"[90,95)",RZV_1d,417138,417138,56623.91719788369,56623.91719788369,-1808.6964483299578,-1053940.2627617759,289.38464823499345,137.93950408060732,1.842297131521944,1.4211485657609721,1.382030128632673,1.3970114327895302,1.6354914181422249
UV_100,"[95,100)",RZV_1d,109064,109064,14804.767020194724,14804.767020194724,-297.9925713037072,-173218.16054267055,44.98072706095205,137.38926569256276,1.8663859607643272,1.4331929803821637,1.3867082966661446,1.4027803778905006,1.6477509711313962
