Agp,N_All,N_ZVL,N_ZVL2,N_ZVL5,N_Protected,P_ZVL,P_ZVL2,P_ZVL5,P_Protected
"[60,65)",3527545,0,0,0,0,0,0,0,0
"[65,70)",2965505,0,0,0,0,0,0,0,0
"[70,75)",2662322,1223925.831830317,872908.9843649463,0,1174818.363988918,0.45972118768139875,0.32787505957767177,0,0.4412758351502628
"[75,80)",2423598,1874844.1657719854,1788654.4906562874,1440022.621127962,1035664.6635189814,0.7735788549800691,0.7380161605415946,0.5941672757313555,0.4273252674407973
"[80,85)",1508497,1075401.782433929,1067278.273990876,941868.8709949582,458326.89455932163,0.7128962022688338,0.7075110351501369,0.6243757004455152,0.3038301664234809
"[85,90)",940569,344417.71727378963,344417.71727378963,344417.71727378963,124668.29579593206,0.36618017101753264,0.36618017101753264,0.36618017101753264,0.13254561419303854
"[90,95)",417138,0,0,0,0,0,0,0,0
"[95,100)",109064,0,0,0,0,0,0,0,0
