Eligibility,Agp,Arm,N_All,N,N_Uptake,N_Doses,dRisk_HZ,dC_Med_d,dQ_All_d,Thres,Prop_Uptake,Prop_Doses,Prop_Case,Prop_dQ,Prop_dC_Med
New2023,"[65,70)",RZV_2d,2965505,640873,308987.7238558622,617975.4477117244,-23053.023438093365,-4243967.955552667,2765.352047040404,96.36468425545011,0.5027537757131506,0.5027537757131506,0.5093243536381621,0.4896428723761993,0.43518988302618733
SOC,"[70,75)",RZV_2d,2662322,1053476.2497747962,241224.43116069655,482448.8623213931,-17869.59654937055,-4187510.240012758,2299.4163918788545,99.71321605085983,0.8952499307282626,0.8952499307282626,0.9041281301026185,0.8967855535814572,0.8645904135221341
SOC,"[75,80)",RZV_2d,2423598,474263.87725610525,64378.40358753453,128756.80717506906,-4339.349665907224,-1320513.1100258601,582.9233851654316,99.82729645732297,1,1,1,1,1
ZVL_85,"[80,85)",ReRZV_1d,1508497,1075401.782433929,256661.78948319663,256661.78948319663,-10049.10679902931,-3006789.0037067826,1101.1970025376017,99.42945931660965,1.4176142732588461,1.208807136629423,1.2220209786712375,1.1949817796080031,1.308325644423293
UV_85,"[80,85)",RZV_1d,1508497,433095.21756607096,76705.70267800335,76705.70267800335,-3462.429711766122,-1362810.6794243227,484.0300541320999,101.61601863246396,1.5424220849053891,1.2712110424526946,1.2985185270166228,1.2806858281306126,1.4480725573069169
ZVL_90,"[85,90)",ReRZV_1d,940569,344417.71727378963,46752.586205033294,46752.586205033294,-1804.8925917992724,-541485.516255079,158.46255002809337,100.96972870428283,1.618493195257656,1.309246597628828,1.338395107855275,1.3087437595765756,1.5035981929732058
UV_95,"[85,90)",RZV_1d,940569,596151.2827262104,80923.8690085801,80923.8690085801,-2739.0412930148013,-1386413.949429504,394.4365635151354,101.6230642531243,1.7501643832960483,1.3750821916480243,1.3989103994784886,1.3785840723629519,1.645765459737954
UV_95,"[90,95)",RZV_1d,417138,417138,56623.91719788369,56623.91719788369,-1395.013892044575,-812932.8441166244,196.98840547994115,101.04969183662179,1.842297131521944,1.4211485657609721,1.4297312829426414,1.4134635260611657,1.7291261620440084
UV_100,"[95,100)",RZV_1d,109064,109064,14804.767020194724,14804.767020194724,-236.05748812828034,-133546.53503447553,28.73836839657502,100.60255332107992,1.8663859607643272,1.4331929803821637,1.4349466434303992,1.4185520417400876,1.7428204456882022
