Eligibility,Agp,Arm,N_All,N,N_Uptake,N_Doses,dRisk_HZ,dC_Med_d,dQ_All_d,Thres,Prop_Uptake,Prop_Doses,Prop_Case,Prop_dQ,Prop_dC_Med
New2023,"[65,70)",RZV_2d,2965505,640873,308987.7238558622,617975.4477117244,-33589.38022299288,-5162013.208435075,3931.635839992056,135.595565031841,0.5027537757131506,0.5027537757131506,0.5273177251897837,0.5042468808293711,0.4426207297968013
SOC,"[70,75)",RZV_2d,2662322,1053476.2497747962,241224.43116069655,482448.8623213931,-24481.327760630058,-4975289.4584759325,3101.191825209555,137.03246520099603,0.8952499307282626,0.8952499307282626,0.9116486648694648,0.9019862362419573,0.8692306903181076
SOC,"[75,80)",RZV_2d,2423598,474263.87725610525,64378.40358753453,128756.80717506906,-5627.852899958068,-1525081.9909536536,764.2177692201395,136.35361868149548,1,1,1,1,1
ZVL_85,"[80,85)",ReRZV_1d,1508497,1075401.782433929,145979.17591539328,145979.17591539328,NA,NA,NA,NA,1.2375226463728188,1.1187613231864095,NA,NA,NA
UV_85,"[80,85)",RZV_1d,1508497,433095.21756607096,58790.01131103047,58790.01131103047,-3527.940597397254,-1295666.9514979033,515.1272125872022,NA,1.3331798452802655,1.1665899226401328,NA,NA,NA
ZVL_90,"[85,90)",ReRZV_1d,940569,344417.71727378963,46752.586205033294,46752.586205033294,NA,NA,NA,NA,1.4092509556325326,1.2046254778162662,NA,NA,NA
UV_95,"[85,90)",RZV_1d,940569,596151.2827262104,80923.8690085801,80923.8690085801,-3626.8904606801375,-1702081.4486413123,561.5512810268772,NA,1.5409221436709246,1.2704610718354623,NA,NA,NA
UV_95,"[90,95)",RZV_1d,417138,417138,56623.91719788369,56623.91719788369,-1808.6964483299578,-1006400.9531832404,289.38464823499345,NA,1.6330548918968206,1.3165274459484104,NA,NA,NA
UV_100,"[95,100)",RZV_1d,109064,109064,14804.767020194724,14804.767020194724,-297.9925713037072,-166716.34819531106,44.98072706095205,NA,1.6571437211392035,1.328571860569602,NA,NA,NA
