Eligibility,Agp,Arm,N_All,N,N_Uptake,N_Doses,dRisk_HZ,dC_Med_d,dQ_All_d,Thres,Prop_Uptake,Prop_Doses,Prop_Case,Prop_dQ,Prop_dC_Med
New2023,"[65,70)",RZV_2d,2965505,640873,308987.7238558622,617975.4477117244,-23050.615840437793,-4858664.0986486515,2722.4812257066897,95.97191738343754,0.5027537757131506,0.5027537757131506,0.5091443000198349,0.4877411895093854,0.44286404899880905
SOC,"[70,75)",RZV_2d,2662322,1053476.249774796,241224.43116069652,482448.86232139304,-17896.41998489878,-4669430.852109887,2272.3955314397917,99.43948811017722,0.8952499307282626,0.8952499307282626,0.9044422082903505,0.894848092240205,0.8684796115688782
SOC,"[75,80)",RZV_2d,2423597.9999999995,474263.8772561052,64378.40358753453,128756.80717506906,-4326.211541941823,-1442910.9586909255,586.9385257604424,99.74714861066478,1,1,1,1,1
ZVL_85,"[80,85)",ReRZV_1d,1508497.0000000002,1075401.782433929,256661.78948319663,256661.78948319663,NA,NA,NA,NA,1.417614273258846,1.208807136629423,NA,NA,NA
UV_85,"[80,85)",RZV_1d,1508497.0000000002,433095.217566071,76705.70267800335,76705.70267800335,-3435.5063570138236,-1459036.8746252593,501.8226949299913,NA,1.542422084905389,1.2712110424526946,NA,NA,NA
ZVL_90,"[85,90)",ReRZV_1d,940569,344417.71727378963,46752.586205033294,46752.586205033294,NA,NA,NA,NA,1.618493195257656,1.309246597628828,NA,NA,NA
UV_95,"[85,90)",RZV_1d,940569,596151.2827262103,80923.8690085801,80923.8690085801,-2729.0184793926683,-1474764.7855720674,425.6414501582317,NA,1.750164383296048,1.375082191648024,NA,NA,NA
UV_95,"[90,95)",RZV_1d,417138,417138,56623.91719788368,56623.91719788368,-1396.2575828471754,-882630.8721181737,225.1628414698431,NA,1.8422971315219439,1.421148565760972,NA,NA,NA
UV_100,"[95,100)",RZV_1d,109064,109064,14804.767020194726,14804.767020194726,-236.451450745143,-147838.89563620507,36.07628172457022,NA,1.8663859607643267,1.4331929803821635,NA,NA,NA
