Eligibility,Agp,Arm,N_All,N,N_Uptake,N_Doses,dRisk_HZ,dC_Med_d,dQ_All_d,Thres,Prop_Uptake,Prop_Doses,Prop_Case,Prop_dQ,Prop_dC_Med
New2023,"[65,70)",RZV_2d,2965505,640873,308987.7238558622,617975.4477117244,-23050.61584043781,-4173157.1002733232,2722.481225706141,94.86263868810322,0.5027537757131506,0.5027537757131506,0.509144300019835,0.4877411895093575,0.4370369398780624
SOC,"[70,75)",RZV_2d,2662322,1053476.2497747962,241224.43116069655,482448.8623213931,-17896.419984898785,-4086408.654906242,2272.39553143954,98.28672441345665,0.8952499307282626,0.8952499307282626,0.9044422082903507,0.894848092240191,0.8649890851530352
SOC,"[75,80)",RZV_2d,2423598,474263.87725610525,64378.40358753453,128756.80717506906,-4326.211541941823,-1289185.6648667003,586.9385257604371,98.59007381549573,1,1,1,1,1
ZVL_85,"[80,85)",ReRZV_1d,1508497,1075401.782433929,145979.17591539328,145979.17591539328,-5558.866691252087,-1643656.8282916923,624.5059224806791,98.40222484079051,1.2375226463728188,1.1187613231864095,1.122784801500009,1.1118822266285273,1.1721331675721565
UV_85,"[80,85)",RZV_1d,1508497,433095.21756607096,58790.01131103047,58790.01131103047,-2568.508379960417,-1019645.1056526961,377.96747197148693,100.35063729624406,1.3331798452802655,1.1665899226401328,1.1795182705865854,1.1795963040056459,1.2789162495478894
ZVL_90,"[85,90)",ReRZV_1d,940569,344417.71727378963,46752.586205033294,46752.586205033294,-1793.4430727216463,-529011.5141613835,170.13259586262765,99.83737538913692,1.4092509556325326,1.2046254778162662,1.2191320199201017,1.2100761008530345,1.3343173685937573
UV_95,"[85,90)",RZV_1d,940569,596151.2827262104,80923.8690085801,80923.8690085801,-2729.0184793926687,-1357795.399182409,425.64145015822453,100.98451103030607,1.5409221436709246,1.2704610718354623,1.2794108520801533,1.2863311233833783,1.4765134882175133
UV_95,"[90,95)",RZV_1d,417138,417138,56623.91719788369,56623.91719788369,-1396.2575828471756,-819283.2793817723,225.16284146984867,100.7400504607971,1.6330548918968206,1.3165274459484104,1.3102515287278889,1.3266697641405156,1.5623135308976277
UV_100,"[95,100)",RZV_1d,109064,109064,14804.767020194724,14804.767020194724,-236.451450745143,-137638.13799091286,36.07628172457106,100.35288099477117,1.6571437211392035,1.328571860569602,1.3154742919378466,1.333132945004822,1.576727785907132
