Eligibility,Agp,Arm,N_All,N,N_Uptake,N_Doses,dRisk_HZ,dC_Med_d,dQ_All_d,Thres,Prop_Uptake,Prop_Doses,Prop_Case,Prop_dQ,Prop_dC_Med
New2023,"[65,70)",RZV_2d,2965505,640873,308987.7238558622,617975.4477117244,-33589.38022299288,-6463926.840881875,3931.635839992056,137.70230509290266,0.5027537757131506,0.5027537757131506,0.5273177251897837,0.5042468808293711,0.45748582813519767
SOC,"[70,75)",RZV_2d,2662322,1053476.2497747962,241224.43116069655,482448.8623213931,-24481.327760630058,-5926174.004363511,3101.191825209555,139.07967386205024,0.8952499307282626,0.8952499307282626,0.9116486648694648,0.9019862362419573,0.8769120822989345
SOC,"[75,80)",RZV_2d,2423598,474263.87725610525,64378.40358753453,128756.80717506906,-5627.852899958068,-1739138.6707197614,764.2177692201395,138.3605278534354,1,1,1,1,1
ZVL_85,"[80,85)",ReRZV_1d,1508497,1075401.782433929,145979.17591539328,145979.17591539328,-6599.337782238026,-2025524.788688784,739.9873569071917,135.90809818011326,1.2375226463728188,1.1187613231864095,1.103602619756188,1.0949061234965178,1.143356957492303
UV_85,"[80,85)",RZV_1d,1508497,433095.21756607096,58790.01131103047,58790.01131103047,-3527.940597397254,-1418267.8972883262,515.1272125872022,138.509843518306,1.3331798452802655,1.1665899226401328,1.1589875538655332,1.1609730993683092,1.2437351764110052
ZVL_90,"[85,90)",ReRZV_1d,940569,344417.71727378963,46752.586205033294,46752.586205033294,-2091.333053364696,-625334.842599735,197.38151949127746,137.2248266665539,1.4092509556325326,1.2046254778162662,1.191819269752913,1.1862880114271634,1.2879933859128787
UV_95,"[85,90)",RZV_1d,940569,596151.2827262104,80923.8690085801,80923.8690085801,-3626.8904606801375,-1813051.1586856067,561.5512810268772,138.4666809504615,1.5409221436709246,1.2704610718354623,1.2487576120069686,1.258309046285802,1.4163124760264671
UV_95,"[90,95)",RZV_1d,417138,417138,56623.91719788369,56623.91719788369,-1808.6964483299578,-1053940.2627617759,289.38464823499345,137.84941400681967,1.6330548918968206,1.3165274459484104,1.277152232281603,1.2954237008904093,1.4909053273664765
UV_100,"[95,100)",RZV_1d,109064,109064,14804.767020194724,14804.767020194724,-297.9925713037072,-173218.16054267055,44.98072706095205,137.25666269508966,1.6571437211392035,1.328571860569602,1.2818304003150744,1.3011926459913798,1.503164880355648
