Eligibility,Agp,Arm,N_All,N,N_Uptake,N_Doses,dRisk_HZ,dC_Med_d,dQ_All_d,Thres,Prop_Uptake,Prop_Doses,Prop_Case,Prop_dQ,Prop_dC_Med
New2023,"[65,70)",RZV_2d,2965505,640873,308987.7238558622,617975.4477117244,-33385.87033648431,-6513296.881927336,3956.325764936984,138.58125350736685,0.5027537757131506,0.5027537757131506,0.5264078767389297,0.5087444929854315,0.4541442340628026
SOC,"[70,75)",RZV_2d,2662322,1053476.2497747962,241224.43116069655,482448.8623213931,-24411.695940612888,-6047685.276210312,3075.7729673637396,139.22171239523183,0.8952499307282626,0.8952499307282626,0.9113164892201583,0.9042585764534002,0.8758233694386651
SOC,"[75,80)",RZV_2d,2423598,474263.87725610525,64378.40358753453,128756.80717506906,-5624.490671039845,-1780930.374052791,744.5471468916787,138.20162686998614,1,1,1,1,1
ZVL_85,"[80,85)",ReRZV_1d,1508497,1075401.782433929,256661.78948319663,256661.78948319663,-12013.643565125898,-3695740.5671852236,1296.3175032073457,134.26515000270288,1.4176142732588461,1.208807136629423,1.189423745353292,1.1666936521663973,1.2576881262446782
UV_85,"[80,85)",RZV_1d,1508497,433095.21756607096,76705.70267800335,76705.70267800335,-4730.100574562446,-1896622.3139849335,658.8442367998848,137.3208017406573,1.5424220849053891,1.2712110424526946,1.2640050629922084,1.2514145263112164,1.389931459184268
ZVL_90,"[85,90)",ReRZV_1d,940569,344417.71727378963,46752.586205033294,46752.586205033294,-2099.0325397303945,-638319.022242496,182.12836685335446,135.99151902608673,1.618493195257656,1.309246597628828,1.2971013175247106,1.2748344389165551,1.4344387047004978
UV_95,"[85,90)",RZV_1d,940569,596151.2827262104,80923.8690085801,80923.8690085801,-3631.4543631183647,-1839766.5434972104,521.2872285554689,136.73730801542033,1.7501643832960483,1.3750821916480243,1.3543598571852573,1.3418668378007903,1.5627177288102778
UV_95,"[90,95)",RZV_1d,417138,417138,56623.91719788369,56623.91719788369,-1809.2219253683077,-1048809.9189717777,255.13660931709683,135.82649092807782,1.842297131521944,1.4211485657609721,1.3828865561355579,1.37467489069153,1.6358467425744967
UV_100,"[95,100)",RZV_1d,109064,109064,14804.767020194724,14804.767020194724,-297.49575314019035,-168074.02091160705,36.647974722654794,135.19648855743523,1.8663859607643272,1.4331929803821637,1.3875772862609377,1.3793874589750765,1.6475658226159042
