Eligibility,Agp,Arm,N_All,N,N_Uptake,N_Doses,dRisk_HZ,dC_Med_d,dQ_All_d,Thres,Prop_Uptake,Prop_Doses,Prop_Case,Prop_dQ,Prop_dC_Med
New2023,"[65,70)",RZV_2d,2965505,640873,308987.7238558622,617975.4477117244,-23050.61584043781,-4224179.78878985,2722.481225706141,94.94520295292224,0.5027537757131506,0.5027537757131506,0.509144300019835,0.4877411895093575,0.43547487993423745
SOC,"[70,75)",RZV_2d,2662322,1053476.2497747962,241224.43116069655,482448.8623213931,-17896.419984898785,-4159090.821043084,2272.39553143954,98.39914000944583,0.8952499307282626,0.8952499307282626,0.9044422082903507,0.894848092240191,0.8642396736903752
SOC,"[75,80)",RZV_2d,2423598,474263.87725610525,64378.40358753453,128756.80717506906,-4326.211541941823,-1316898.0644836132,586.9385257604371,98.71325928600977,1,1,1,1,1
ZVL_85,"[80,85)",ReRZV_1d,1508497,1075401.782433929,256661.78948319663,256661.78948319663,-10043.357276531002,-2979767.324632002,1134.8252832194198,98.94232200416229,1.4176142732588461,1.208807136629423,1.2218386764937457,1.2033075667506834,1.3071871659841985
UV_85,"[80,85)",RZV_1d,1508497,433095.21756607096,76705.70267800335,76705.70267800335,-3435.506357013823,-1357250.470642002,501.8226949299772,101.37697524471288,1.5424220849053891,1.2712110424526946,1.2977224833067038,1.2932107021100299,1.4471074618276758
ZVL_90,"[85,90)",ReRZV_1d,940569,344417.71727378963,46752.586205033294,46752.586205033294,-1793.4430727216463,-540319.2266587672,170.13259586262765,100.88193762676201,1.618493195257656,1.309246597628828,1.3373362326402203,1.3236904989574185,1.5028095062765923
UV_95,"[85,90)",RZV_1d,940569,596151.2827262104,80923.8690085801,80923.8690085801,-2729.0184793926687,-1383704.861581704,425.64145015822453,101.9071130280828,1.7501643832960483,1.3750821916480243,1.3976150648002716,1.3999455214877625,1.6454570114942475
UV_95,"[90,95)",RZV_1d,417138,417138,56623.91719788369,56623.91719788369,-1396.2575828471756,-815304.0631241894,225.16284146984867,101.64846500402996,1.842297131521944,1.4211485657609721,1.4284557414480072,1.4402841622448999,1.7295075152017652
UV_100,"[95,100)",RZV_1d,109064,109064,14804.767020194724,14804.767020194724,-236.451450745143,-133033.17060267893,36.07628172457106,101.27931014729742,1.8663859607643272,1.4331929803821637,1.433678504657965,1.446747343109206,1.7432220365744617
