Eligibility,Agp,Arm,N_All,N,N_Uptake,N_Doses,dRisk_HZ,dC_Med_d,dQ_All_d,Thres,Prop_Uptake,Prop_Doses,Prop_Case,Prop_dQ,Prop_dC_Med
New2023,"[65,70)",RZV_2d,2965505,640873,308987.7238558622,617975.4477117244,-33385.87033648431,-6513296.881927336,3956.325764936984,138.58125350736685,0.5027537757131506,0.5027537757131506,0.5264078767389297,0.5087444929854315,0.4541442340628026
SOC,"[70,75)",RZV_2d,2662322,1053476.2497747962,241224.43116069655,482448.8623213931,-24411.695940612888,-6047685.276210312,3075.7729673637396,139.22171239523183,0.8952499307282626,0.8952499307282626,0.9113164892201583,0.9042585764534002,0.8758233694386651
SOC,"[75,80)",RZV_2d,2423598,474263.87725610525,64378.40358753453,128756.80717506906,-5624.490671039845,-1780930.374052791,744.5471468916787,138.20162686998614,1,1,1,1,1
ZVL_85,"[80,85)",ReRZV_1d,1508497,1075401.782433929,145979.17591539328,145979.17591539328,-6582.360943198384,-2062631.590599841,702.1896805609933,135.24332853984234,1.2375226463728188,1.1187613231864095,1.1037866203012159,1.0902946709248789,1.1438184472238455
UV_85,"[80,85)",RZV_1d,1508497,433095.21756607096,58790.01131103047,58790.01131103047,-3523.0446209534966,-1451074.734799022,493.01768991308376,137.5868349417514,1.3331798452802655,1.1665899226401328,1.159335821801168,1.1536918858131415,1.2449956599241798
ZVL_90,"[85,90)",ReRZV_1d,940569,344417.71727378963,46752.586205033294,46752.586205033294,-2099.0325397303945,-638319.022242496,182.12836685335446,136.13370479958434,1.4092509556325326,1.2046254778162662,1.1924320763336702,1.1771117984184805,1.2895029054404101
UV_95,"[85,90)",RZV_1d,940569,596151.2827262104,80923.8690085801,80923.8690085801,-3631.4543631183647,-1839766.5434972104,521.2872285554689,136.93354061953002,1.5409221436709246,1.2704610718354623,1.249690615994217,1.2441441973027156,1.4177819295501897
UV_95,"[90,95)",RZV_1d,417138,417138,56623.91719788369,56623.91719788369,-1809.2219253683077,-1048809.9189717777,255.13660931709683,135.94347685298044,1.6330548918968206,1.3165274459484104,1.278217314944517,1.2769522501934552,1.4909109433144085
UV_100,"[95,100)",RZV_1d,109064,109064,14804.767020194724,14804.767020194724,-297.49575314019035,-168074.02091160705,36.647974722654794,135.2628030941476,1.6571437211392035,1.328571860569602,1.282908045069897,1.2816648184770019,1.5026300233558163
