Eligibility,Agp,Arm,N_All,N,N_Uptake,N_Doses,dRisk_HZ,dC_Med_d,dQ_All_d,Thres,Prop_Uptake,Prop_Doses,Prop_Case,Prop_dQ,Prop_dC_Med
New2023,"[65,70)",RZV_2d,2965505,640873,308987.7238558622,617975.4477117244,-33589.38022299288,-7453452.624638215,3931.635839992056,139.3035431152552,0.5027537757131506,0.5027537757131506,0.5273177251897838,0.5042468808293532,0.4625202690629761
SOC,"[70,75)",RZV_2d,2662322,1053476.249774796,241224.43116069652,482448.86232139304,-24481.327760630054,-6722763.062326236,3101.1918252098662,140.70278853285527,0.8952499307282626,0.8952499307282626,0.9116486648694648,0.9019862362419653,0.8796979633512921
SOC,"[75,80)",RZV_2d,2423597.9999999995,474263.8772561052,64378.40358753453,128756.80717506906,-5627.8528999580685,-1938651.3214333216,764.2177692201043,139.97593461867118,1,1,1,1,1
ZVL_85,"[80,85)",ReRZV_2d,1508497.0000000002,1075401.782433929,256661.78948319663,513323.57896639325,NA,NA,NA,NA,1.417614273258846,1.417614273258846,NA,NA,NA
UV_85,"[80,85)",RZV_2d,1508497.0000000002,433095.217566071,76705.70267800335,153411.4053560067,-5265.944454866533,-2280718.1126231393,763.3918265607489,NA,1.542422084905389,1.542422084905389,NA,NA,NA
ZVL_90,"[85,90)",ReRZV_2d,940569,344417.71727378963,46752.586205033294,93505.17241006659,NA,NA,NA,NA,1.618493195257656,1.618493195257656,NA,NA,NA
UV_95,"[85,90)",RZV_2d,940569,596151.2827262103,80923.8690085801,161847.7380171602,-3963.8700143431083,-2153077.4314062456,614.7035194521796,NA,1.750164383296048,1.750164383296048,NA,NA,NA
UV_95,"[90,95)",RZV_2d,417138,417138,56623.91719788368,113247.83439576736,-1953.7736750344548,-1224166.2684313236,312.6601189806965,NA,1.8422971315219439,1.8422971315219439,NA,NA,NA
UV_100,"[95,100)",RZV_2d,109064,109064,14804.767020194726,29609.53404038945,-318.26534660771233,-198422.01937827485,48.16002650645187,NA,1.8663859607643267,1.8663859607643267,NA,NA,NA
