Eligibility,Agp,Arm,N_All,N,N_Uptake,N_Doses,dRisk_HZ,dC_Med_d,dQ_All_d,Thres,Prop_Uptake,Prop_Doses,Prop_Case,Prop_dQ,Prop_dC_Med
New2023,"[65,70)",RZV_2d,2965505,640873,308987.7238558622,617975.4477117244,-33385.87033648431,-6513296.881927336,3956.325764936984,138.58125350736685,0.5027537757131506,0.5027537757131506,0.5264078767389297,0.5087444929854315,0.4541442340628026
SOC,"[70,75)",RZV_2d,2662322,1053476.2497747962,241224.43116069655,482448.8623213931,-24411.695940612888,-6047685.276210312,3075.7729673637396,139.22171239523183,0.8952499307282626,0.8952499307282626,0.9113164892201583,0.9042585764534002,0.8758233694386651
SOC,"[75,80)",RZV_2d,2423598,474263.87725610525,64378.40358753453,128756.80717506906,-5624.490671039845,-1780930.374052791,744.5471468916787,138.20162686998614,1,1,1,1,1
ZVL_85,"[80,85)",ReRZV_2d,1508497,1075401.782433929,145979.17591539328,291958.35183078656,-7966.916284313643,-2518313.9616384176,849.7727881773777,124.5044282237161,1.2375226463728188,1.2375226463728188,1.1256174376499417,1.1092724037301318,1.175591222996658
UV_85,"[80,85)",RZV_2d,1508497,433095.21756607096,58790.01131103047,117580.02262206093,-3912.125445100039,-1618745.5837577397,545.8631424987138,123.22097180297905,1.3331798452802655,1.3331798452802655,1.1873014263653998,1.1794650228847794,1.2884594042886903
ZVL_90,"[85,90)",ReRZV_2d,940569,344417.71727378963,46752.586205033294,93505.17241006659,-2452.3177912362926,-745526.0086859964,213.024915447366,119.4594655558467,1.4092509556325326,1.4092509556325326,1.2259680655323013,1.206857927069519,1.3404417327970162
UV_95,"[85,90)",RZV_2d,940569,596151.2827262104,80923.8690085801,161847.7380171602,-3967.4359094718716,-2017958.9610873887,567.68982663122,116.31149255087229,1.5409221436709246,1.5409221436709246,1.2885241556432894,1.2798572426420796,1.4811453493166453
UV_95,"[90,95)",RZV_2d,417138,417138,56623.91719788369,113247.83439576738,-1954.9137985424518,-1133505.2875333435,274.80712868731484,113.05223343190606,1.6330548918968206,1.6330548918968206,1.3193480344736632,1.315194730417189,1.5601798075863629
UV_100,"[95,100)",RZV_2d,109064,109064,14804.767020194724,29609.534040389448,-318.21414247831126,-179649.3122593283,39.19750924433005,111.88193070890917,1.6571437211392035,1.6571437211392035,1.3243654394237823,1.3202351437076036,1.5727059830079535
