Eligibility,Agp,Arm,N_All,N,N_Uptake,N_Doses,dRisk_HZ,dC_Med_d,dQ_All_d,Thres,Prop_Uptake,Prop_Doses,Prop_Case,Prop_dQ,Prop_dC_Med
New2023,"[65,70)",RZV_2d,2965505,640873,308987.7238558622,617975.4477117244,-33474.26485851102,-6038005.56401794,3285.494999533212,116.10154710895799,0.5027537757131506,0.5027537757131506,0.5269562476303475,0.4954254578719977,0.450304158289696
SOC,"[70,75)",RZV_2d,2662322,1053476.2497747962,241224.43116069655,482448.8623213931,-24422.656610601018,-5674967.005536605,2670.3759717006055,118.89085946337694,0.8952499307282626,0.8952499307282626,0.9114208964907281,0.8980960565665977,0.8735335199813482
SOC,"[75,80)",RZV_2d,2423598,474263.87725610525,64378.40358753453,128756.80717506906,-5626.881520301893,-1695754.5160467508,675.792677310623,118.81243375117269,1,1,1,1,1
ZVL_85,"[80,85)",ReRZV_1d,1508497,1075401.782433929,145979.17591539328,145979.17591539328,NA,NA,NA,NA,1.2375226463728188,1.1187613231864095,NA,NA,NA
UV_85,"[80,85)",RZV_1d,1508497,433095.21756607096,58790.01131103047,58790.01131103047,-3532.935491606632,-1421827.2620043647,471.1337461212661,NA,1.3331798452802655,1.1665899226401328,NA,NA,NA
ZVL_90,"[85,90)",ReRZV_1d,940569,344417.71727378963,46752.586205033294,46752.586205033294,NA,NA,NA,NA,1.4092509556325326,1.2046254778162662,NA,NA,NA
UV_95,"[85,90)",RZV_1d,940569,596151.2827262104,80923.8690085801,80923.8690085801,-3640.0520000731003,-1841067.5013832573,523.8506608416715,NA,1.5409221436709246,1.2704610718354623,NA,NA,NA
UV_95,"[90,95)",RZV_1d,417138,417138,56623.91719788369,56623.91719788369,-1816.6918877723876,-1090198.0739867487,275.1555804935453,NA,1.6330548918968206,1.3165274459484104,NA,NA,NA
UV_100,"[95,100)",RZV_1d,109064,109064,14804.767020194724,14804.767020194724,-299.5026506813069,-182725.6079751878,43.746359700854136,NA,1.6571437211392035,1.328571860569602,NA,NA,NA
