Eligibility,Agp,Arm,N_All,N,N_Uptake,N_Doses,dRisk_HZ,dC_Med_d,dQ_All_d,Thres,Prop_Uptake,Prop_Doses,Prop_Case,Prop_dQ,Prop_dC_Med
New2023,"[65,70)",RZV_2d,2965505,640873,308987.7238558622,617975.4477117244,-23050.61584043781,-4173157.1002733232,2722.481225706141,94.86263868810322,0.5027537757131506,0.5027537757131506,0.509144300019835,0.4877411895093575,0.4370369398780624
SOC,"[70,75)",RZV_2d,2662322,1053476.2497747962,241224.43116069655,482448.8623213931,-17896.419984898785,-4086408.654906242,2272.39553143954,98.28672441345665,0.8952499307282626,0.8952499307282626,0.9044422082903507,0.894848092240191,0.8649890851530352
SOC,"[75,80)",RZV_2d,2423598,474263.87725610525,64378.40358753453,128756.80717506906,-4326.211541941823,-1289185.6648667003,586.9385257604371,98.59007381549573,1,1,1,1,1
ZVL_85,"[80,85)",ReRZV_2d,1508497,1075401.782433929,145979.17591539328,291958.35183078656,-7415.734274991041,-2218544.894135736,832.2337853540957,92.06800594548118,1.2375226463728188,1.2375226463728188,1.1637994777540701,1.149097335396022,1.2323387421603846
UV_85,"[80,85)",RZV_2d,1508497,433095.21756607096,58790.01131103047,117580.02262206093,-3133.0945180855715,-1254006.0028498345,459.33315253529025,91.83325608729028,1.3331798452802655,1.3331798452802655,1.2330035817289497,1.231388333799707,1.3636654410853586
ZVL_90,"[85,90)",ReRZV_2d,940569,344417.71727378963,46752.586205033294,93505.17241006659,-2325.386718929,-686505.4093085682,219.8840974286243,89.81117595057943,1.4092509556325326,1.4092509556325326,1.2843669553359796,1.2707812707358328,1.4355602238804521
UV_95,"[85,90)",RZV_2d,940569,596151.2827262104,80923.8690085801,161847.7380171602,-3273.079372552509,-1631626.141748651,508.3702095792527,88.36629700090914,1.5409221436709246,1.5409221436709246,1.3566630587278945,1.3618574142148365,1.6064334689754372
UV_95,"[90,95)",RZV_2d,417138,417138,56623.91719788369,113247.83439576738,-1651.582433089173,-964831.8280257558,265.40875543818333,86.5059636249663,1.6330548918968206,1.6330548918968206,1.3931433761146892,1.4094062387434763,1.7074761902259064
UV_100,"[95,100)",RZV_2d,109064,109064,14804.767020194724,29609.534040389448,-274.99254588556204,-159696.90227776652,41.84714720250512,85.73776756294919,1.6571437211392035,1.6571437211392035,1.399217438875301,1.4169032885528203,1.7242005655136015
