Eligibility,Agp,Arm,N_All,N,N_Uptake,N_Doses,dRisk_HZ,dC_Med_d,dQ_All_d,Thres,Prop_Uptake,Prop_Doses,Prop_Case,Prop_dQ,Prop_dC_Med
New2023,"[65,70)",RZV_2d,2965505,640873,308987.7238558622,617975.4477117244,-23050.61584043781,-4224179.78878985,2722.481225706141,94.94520295292224,0.5027537757131506,0.5027537757131506,0.509144300019835,0.4877411895093575,0.43547487993423745
SOC,"[70,75)",RZV_2d,2662322,1053476.2497747962,241224.43116069655,482448.8623213931,-17896.419984898785,-4159090.821043084,2272.39553143954,98.39914000944583,0.8952499307282626,0.8952499307282626,0.9044422082903507,0.894848092240191,0.8642396736903752
SOC,"[75,80)",RZV_2d,2423598,474263.87725610525,64378.40358753453,128756.80717506906,-4326.211541941823,-1316898.0644836132,586.9385257604371,98.71325928600977,1,1,1,1,1
ZVL_85,"[80,85)",ReRZV_2d,1508497,1075401.782433929,145979.17591539328,291958.35183078656,-7415.734274991041,-2276265.4491945854,832.2337853540957,92.20549354184291,1.2375226463728188,1.2375226463728188,1.1637994777540701,1.149097335396022,1.2346624605839613
UV_85,"[80,85)",RZV_2d,1508497,433095.21756607096,58790.01131103047,117580.02262206093,-3133.0945180855715,-1283666.954243671,459.33315253529025,91.9789788677528,1.3331798452802655,1.3331798452802655,1.2330035817289497,1.231388333799707,1.3669969588120672
ZVL_90,"[85,90)",ReRZV_2d,940569,344417.71727378963,46752.586205033294,93505.17241006659,-2325.386718929,-700922.0870640686,219.8840974286243,89.95735527923726,1.4092509556325326,1.4092509556325326,1.2843669553359796,1.2707812707358328,1.4392557112727253
UV_95,"[85,90)",RZV_2d,940569,596151.2827262104,80923.8690085801,161847.7380171602,-3273.079372552509,-1661583.448108876,508.3702095792527,88.51580171072196,1.5409221436709246,1.5409221436709246,1.3566630587278945,1.3618574142148365,1.6105499953101055
UV_95,"[90,95)",RZV_2d,417138,417138,56623.91719788369,113247.83439576738,-1651.582433089173,-960258.162414195,265.40875543818333,86.64475517110998,1.6330548918968206,1.6330548918968206,1.3931433761146892,1.4094062387434763,1.7095439607404903
UV_100,"[95,100)",RZV_2d,109064,109064,14804.767020194724,29609.534040389448,-274.99254588556204,-154540.51016938136,41.84714720250512,85.8720101328579,1.6571437211392035,1.6571437211392035,1.399217438875301,1.4169032885528203,1.7254756950595609
