Eligibility,Agp,Arm,N_All,N,N_Uptake,N_Doses,dRisk_HZ,dC_Med_d,dQ_All_d,Thres,Prop_Uptake,Prop_Doses,Prop_Case,Prop_dQ,Prop_dC_Med
New2023,"[65,70)",RZV_2d,2965505,640873,308987.7238558622,617975.4477117244,-33385.87033648431,-6513296.881927336,3956.325764936984,138.58125350736685,0.5027537757131506,0.5027537757131506,0.5264078767389297,0.5087444929854315,0.4541442340628026
SOC,"[70,75)",RZV_2d,2662322,1053476.2497747962,241224.43116069655,482448.8623213931,-24411.695940612888,-6047685.276210312,3075.7729673637396,139.22171239523183,0.8952499307282626,0.8952499307282626,0.9113164892201583,0.9042585764534002,0.8758233694386651
SOC,"[75,80)",RZV_2d,2423598,474263.87725610525,64378.40358753453,128756.80717506906,-5624.490671039845,-1780930.374052791,744.5471468916787,138.20162686998614,1,1,1,1,1
ZVL_85,"[80,85)",ReRZV_2d,1508497,1075401.782433929,256661.78948319663,513323.57896639325,-14571.269245352729,-4527658.358634225,1570.5245175711163,118.11329936609528,1.4176142732588461,1.4176142732588461,1.2297508145670566,1.201953971155263,1.3156941829391229
UV_85,"[80,85)",RZV_2d,1508497,433095.21756607096,76705.70267800335,153411.4053560067,-5262.114633179557,-2122549.674443385,730.473091718795,117.38124390380575,1.5424220849053891,1.5424220849053891,1.3127206027825762,1.2958856099448453,1.4636904609584815
ZVL_90,"[85,90)",ReRZV_2d,940569,344417.71727378963,46752.586205033294,93505.17241006659,-2452.3177912362926,-745526.0086859964,213.024915447366,114.38050735318303,1.618493195257656,1.618493195257656,1.3513872419494777,1.3232785141295846,1.5156727894668074
UV_95,"[85,90)",RZV_2d,940569,596151.2827262104,80923.8690085801,161847.7380171602,-3967.4359094718716,-2017958.9610873887,567.68982663122,111.99100103571051,1.7501643832960483,1.7501643832960483,1.4139433320604655,1.3962778297021454,1.6563764059864365
UV_95,"[90,95)",RZV_2d,417138,417138,56623.91719788369,113247.83439576738,-1954.9137985424518,-1133505.2875333435,274.80712868731484,109.31798471985681,1.842297131521944,1.842297131521944,1.4447672108908396,1.4316153174772546,1.735410864256154
UV_100,"[95,100)",RZV_2d,109064,109064,14804.767020194724,29609.534040389448,-318.21414247831126,-179649.3122593283,39.19750924433005,108.32708242603763,1.8663859607643272,1.8663859607643272,1.4497846158409586,1.4366557307676693,1.747937039677745
