Eligibility,Agp,Arm,N_All,N,N_Uptake,N_Doses,dRisk_HZ,dC_Med_d,dQ_All_d,Thres,Prop_Uptake,Prop_Doses,Prop_Case,Prop_dQ,Prop_dC_Med
New2023,"[65,70)",RZV_2d,2965505,640873,308987.7238558622,617975.4477117244,-23053.023438093365,-4243967.955552667,2765.352047040404,96.36468425545011,0.5027537757131506,0.5027537757131506,0.5093243536381621,0.4896428723761993,0.43518988302618733
SOC,"[70,75)",RZV_2d,2662322,1053476.2497747962,241224.43116069655,482448.8623213931,-17869.59654937055,-4187510.240012758,2299.4163918788545,99.71321605085983,0.8952499307282626,0.8952499307282626,0.9041281301026185,0.8967855535814572,0.8645904135221341
SOC,"[75,80)",RZV_2d,2423598,474263.87725610525,64378.40358753453,128756.80717506906,-4339.349665907224,-1320513.1100258601,582.9233851654316,99.82729645732297,1,1,1,1,1
ZVL_85,"[80,85)",ReRZV_2d,1508497,1075401.782433929,145979.17591539328,291958.35183078656,-7429.4435316781355,-2287152.7214103714,802.4556883945406,92.72134287968609,1.2375226463728188,1.2375226463728188,1.1641431777842393,1.1420856012313656,1.2345318663378049
UV_85,"[80,85)",RZV_2d,1508497,433095.21756607096,58790.01131103047,117580.02262206093,-3151.77138295726,-1284577.5748415245,442.0205024732408,92.24707625077863,1.3331798452802655,1.3331798452802655,1.2337771642654818,1.2203512921085193,1.3662565094991472
ZVL_90,"[85,90)",ReRZV_2d,940569,344417.71727378963,46752.586205033294,93505.17241006659,-2333.6321502355718,-702794.0127477956,204.35444414519876,90.03275847026214,1.4092509556325326,1.4092509556325326,1.2853355071327317,1.2565350022879107,1.4383232280517828
UV_95,"[85,90)",RZV_2d,940569,596151.2827262104,80923.8690085801,161847.7380171602,-3282.8727192919605,-1661694.6974283005,471.2298790982051,88.192646116255915,1.5409221436709246,1.5409221436709246,1.3578659945249756,1.339972607202654,1.6087186524689037
UV_95,"[90,95)",RZV_2d,417138,417138,56623.91719788369,113247.83439576738,-1653.2181399321512,-959013.6432420936,232.54928996703006,86.01181484671056,1.6330548918968206,1.6330548918968206,1.3943915402003617,1.381148595059378,1.7070589414611883
UV_100,"[95,100)",RZV_2d,109064,109064,14804.767020194724,29609.534040389448,-275.0341264485477,-154602.14238927266,33.60184985853203,85.1673426194837,1.6571437211392035,1.6571437211392035,1.4004680350713283,1.3870982557181337,1.7229123336089676
