Agp,N_All,N_ZVL,N_ZVL2,N_ZVL5,N_Protected,P_ZVL,P_ZVL2,P_ZVL5,P_Protected
"[60,65)",3527545,0,0,0,0,0,0,0,0
"[65,70)",2965505,0,0,0,0,0,0,0,0
"[70,75)",2662322,1223925.8318303172,872908.9843649463,0,803550.7612237836,0.45972118768139886,0.32787505957767177,0,0.3018232810395525
"[75,80)",2423597.9999999995,1874844.1657719854,1788654.4906562876,1440022.621127962,583930.9222336088,0.7735788549800692,0.7380161605415948,0.5941672757313556,0.24093555211450451
"[80,85)",1508497.0000000002,1075401.782433929,1067278.273990876,941868.8709949581,232436.34048951668,0.7128962022688337,0.7075110351501368,0.6243757004455149,0.1540847217392654
"[85,90)",940569,344417.71727378963,344417.71727378963,344417.71727378963,58462.77461001849,0.36618017101753264,0.36618017101753264,0.36618017101753264,0.06215681636330614
"[90,95)",417138,0,0,0,0,0,0,0,0
"[95,100)",109064,0,0,0,0,0,0,0,0
